Number,entry,meaning
1,abandon,捨て去る
2,ability,能力
3,aboard,船に乗って
4,abolish,を廃止する
5,absent,欠席の
6,absolute,絶対的な，完全な
7,absolutely,絶対に
8,absorb,吸収する，を没頭させる
9,abstract,抽象的な
10,absurd,ばかげた，不合理な
11,abundance,豊富さ
12,abundant,豊富な
13,academy,学会、協会
14,accelerate,加速する
15,accept,を受け入れる
16,accepted,受け入れられた
17,accessible,行きやすい
18,accession,接近，加盟
19,accidentally,偶然に、うっかりと
20,acclaim,称賛する
21,acclaimed,絶賛されている、評価された
22,accommodate,収容する
23,accommodation,宿泊施設
24,accompany,に付き添う
25,accomplish,成し遂げる
26,accomplishment,成就，達成
27,according,to によると
28,account,説明、口座/説明する、占める
29,accountancy,会計職
30,accountant,会計士
31,accounting,会計
32,accurate,正確な
33,accurately,正確に
34,accuse,非難，告発する
35,achieve,を達成する
36,achievement,達成
37,acid,酸
38,acknowledge,認める
39,acknowledged,認めた
40,acquaint,知らせる
41,acquaintance,知り合い
42,acquire,を身につける
43,acquisition,取得
44,activate,作動させる
45,actually,実際に，現実に
46,Ad,広告
47,adapt,適応する、適応させる、改作する
48,addendum,追加，付録
49,additional,追加の
50,address,住所/言う
51,adequate,十分な
52,adequately,適切に
53,adjacent,隣接している
54,adjust,を調節する，順応する
55,adjustment,調整
56,administer,管理する
57,administration,機関
58,administrative,行政の
59,administrator,管理者
60,admiration,感心，称賛
61,admire,賞賛する
62,admission,入場
63,admit,を認める
64,adopt,を自分のものにする
65,advance,前進する/前進，事前
66,advanced,進んだ
67,advantage,有利、利点
68,adverse,良くない、不利な、逆の
69,adversely,反対に、不都合に
70,advertise,を宣伝［広告］する
71,advertisement,広告
72,advertising,広告
73,advice,忠告
74,advise,アドバイスする
75,advocate,提唱する
76,aesthetic,美的な
77,affair,事柄，出来事
78,affect,に影響を与える
79,affected,影響を受けた
80,affection,愛情，好意
81,affiliate,連携させる
82,affix,添付する，固定する
83,afford,の余裕がある
84,affordable,入手できる，お金の足りる
85,afterwards,その後
86,age,年齢、時代
87,agenda,議題
88,agent,代理人，代理店
89,agony,激しい苦痛
90,agree,同意する、賛成する
91,agreeable,快適な、心地良い
92,agreement,同意，一致
93,agricultural,農業の
94,agriculture,農業
95,aid,援助/…を助ける
96,aim,ねらいをつける/目的
97,allegation,申し立て
98,allege,主張する
99,alleged,容疑のある
100,allocate,割り当てる
101,allot,割り当てる
102,allow,を許可する、を許す
103,allowable,許される、許容できる/許容量
104,allowance,手当
105,allowed,許した
106,along,に沿って
107,alongside,と一緒に
108,aloud,声に出して
109,already,すでに
110,alter,を変える
111,alternate,代わりの
112,alternative,代替となるもの/代替の
113,alternatively,代わりに，あるいは
114,although,であるけれど
115,altogether,完全に
116,amateur,素人
117,ambassador,大使
118,amber,琥珀
119,ambition,夢，大望
120,ambitious,意欲的な、野心的な
121,amendment,修正
122,amenity,娯楽、生活を便利にするもの
123,amid,真ん中に
124,among,～の中で
125,amount,量、額
126,ample,十分な、あり余るほどの
127,analysis,分析
128,analyze,を分析する
129,ancestor,祖先
130,angular,角のある，角度のある
131,anniversary,～周年
132,announce,発表する
133,announced,告知した
134,announcement,発表，告知
135,annual,毎年の
136,Annually,毎年の
137,anonymous,匿名の
138,anticipate,期待する
139,anticipated,期待した
140,antitrust,独占禁止法
141,anxiety,心配，不安
142,anyway,ともかく
143,apart,離れて
144,apologize,謝罪する
145,apology,謝罪
146,apparatus,器具，装置
147,apparent,外見上の，明らかな
148,appeal,訴える
149,appear,現れる，のように思われる
150,appearance,出現，外見
151,appetite,食欲
152,appetizer,前菜
153,applaud,拍手する
154,appliance,器具
155,applicable,該当する
156,applicant,応募者，候補者
157,application,申し込み，応用
158,applied,適用した
159,apply,を適用する、当てはまる
160,appoint,任命する，指名する
161,appointment,約束
162,appraisal,鑑定，見積もり
163,appraisee,鑑定人
164,appreciate,感謝する
165,appreciation,感謝
166,apprentice,見習い、実習生
167,apprenticeship,見習い
168,approach,に近づく
169,appropriate,適当な，適切な
170,approval,承認
171,approve,承認する
172,approved,承認した
173,approximate,およその
174,approximately,おおよそ
175,aptitude,適性
176,arbitrary,恣意的な、任意の
177,arbitration,仲裁
178,arbitrator,仲裁人
179,architect,建築家
180,architecture,建築
181,archive,記録保管場所
182,arena,舞台
183,argue,だと主張する
184,arise,起こる，生じる
185,arithmetic,算数
186,arms,武器，兵器
187,army,陸軍
188,arrange,（を）計画・準備する
189,arranged,手配された
190,arrangement,手配
191,array,整列させる
192,arrest,逮捕する
193,arrive,到着する
194,art,美術、芸術
195,article,記事、文章
196,artificial,人工的な，作り物の
197,artistic,芸術的な
198,artwork,芸術作品
199,ascend,昇る
200,ash,灰
201,Asia,アジア
202,aspect,側面
203,assault,暴行
204,assemble,組み立てる
205,assembly,集合
206,assessment,評価
207,asset,資産
208,assign,割り当てる
209,assigned,割り当てた、任命した
210,assignment,宿題
211,assist,手伝う
212,assistance,支援
213,assistant,助手
214,Associate,を結びつけて考える
215,association,協会、組合
216,assume,想定する
217,assumption,想定，思いこみ
218,assurance,保証
219,assure,保証する
220,astonish,びっくりさせる
221,athletic,競技の
222,atlantic,大西洋の
223,atmosphere,雰囲気
224,atomic,原子の，原子力の
225,attach,を貼り付ける，を取り付ける
226,attached,添付された
227,attachment,付属物
228,attain,を実現する，達成する
229,attempt,企てる
230,attend,に出席する
231,attendance,出席
232,attendant,付き添いの，付帯の
233,attendee,出席者
234,attending,出席している
235,attention,注意、注目
236,attentive,注意深い
237,attire,服装
238,attitude,考え方，態度
239,attorney,弁護士
240,attract,を引きつける
241,attribute,に帰する
242,audience,聴衆，観客，視聴者
243,audit,監査
244,auditorium,講堂
245,authentic,本物の
246,author,著者，作家
247,authority,権威
248,authorize,許可する
249,automated,自動化された
250,automobile,自動車
251,availability,可用性
252,available,利用できる、人の手があいている
253,avenue,通り，大通り
254,aviation,航空，航空機産業
255,avoid,を避ける
256,await,待つ
257,award,賞
258,aware,気づいている
259,Awareness,気づき
260,awful,ひどい
261,awkward,ぎこちない
262,back,裏の、後ろの
263,background,背景，経歴
264,baggage,荷物
265,baked,焼いた
266,ban,禁止する
267,bang,ドンドン叩く
268,bank,銀行、土手
269,bankruptcy,倒産
270,banquet,宴会
271,barely,かろうじて
272,barn,納屋
273,batch,ひとまとめ
274,battery,電池
275,bear,我慢する
276,because,なぜなら
277,become,～になる
278,beforehand,あらかじめ、事前に
279,beg,を乞う
280,begin,始まる
281,behalf,代わって
282,behave,振る舞う
283,believe,信じる
284,belly,腹，腹部
285,belong,ものである
286,belongings,持ち物
287,benchmark,基準
288,bend,曲げる
289,beneath,下に
290,beneficial,有益な
291,benefit,利益/に利益をもたらす
292,between,A and B ～と～の間
293,beverage,飲料
294,Beyond,を超えて
295,bias,偏見，先入観
296,bid,入札する
297,bill,請求書，紙幣，法案
298,billing,請求書
299,billion,10億
300,bind,縛りつける
301,biography,伝記
302,biological,生物学上の
303,bite,を噛む
304,biweekly,隔週の
305,blame,非難する
306,blank,白紙の
307,blaze,火炎
308,blend,混ぜる
309,bless,祝福する
310,blink,まばたきをする/まばたき
311,bloom,咲く
312,blow,（を）吹く/打撃
313,boast,自慢する
314,bold,勇敢な
315,bomb,爆弾
316,bond,拘束、きずな
317,book,予約する
318,booking,予約
319,boost,を強化する，増加させる
320,boredom,退屈
321,borrowing,借入
322,botanical,植物の
323,both,両方の
324,bottom,底
325,boulevard,大通り
326,bow,お辞儀をする/お辞儀
327,branch,枝，支店
328,breach,違反
329,breadth,幅
330,breakdown,明細，内訳
331,breathtaking,息をのむような
332,bride,花嫁
333,bridge,橋
334,brief,短い
335,bright,明るい
336,brilliant,すばらしい
337,brim,へり，縁
338,broadcast,を放送する
339,brochure,小冊子
340,brokerage,仲介
341,browse,見て回る，拾い読みする
342,budget,予算
343,bug,虫、故障
344,bulk,大きさ
345,bulletin,速報，告示
346,bundle,束
347,burden,重荷，負担
348,bureau,事務局，たんす
349,burst,破裂する，を破裂させる
350,bury,埋める
351,business card,名刺
352,busy,忙しい
353,buy,買う
354,cage,かご、おり
355,calculation,計算
356,campaign,政治的運動
357,candidate,候補者、志願者
358,capability,容量
359,capable,可能性がある，しかねない，有能な
360,capacity,最大容量、能力
361,cape,岬
362,capital,首都
363,capitalisation,資本化
364,capitalism,資本主義
365,carbohydrate,炭水化物
366,carbon,炭素
367,cargo,貨物
368,carpenter,大工
369,carry-on,続ける
370,carting,配膳，食事提供
371,cartoon,漫画
372,carve,切り分ける，刻む
373,case,場合、容器
374,cashflow,現金流量
375,cast,投げる
376,casual,何気ない
377,casualty,犠牲者
378,category,部門，部類
379,catering,出前，仕出し
380,cathedral,大聖堂
381,cause,原因/の原因となる，
382,caused,引き起こした
383,cavalry,騎兵
384,cave,ほら穴
385,cavity,空洞，虫歯
386,cease,やめる，終わる
387,ceiling,天井
388,celebration,お祝い
389,cell,細胞
390,century,世紀
391,CEO,代表取締役
392,ceremonial,儀式上の、形式的な
393,ceremony,式
394,certain,確かな
395,certainly,確かに
396,certificate,証明書
397,certified,有資格の、公認の
398,chain,くさり
399,chairman,会長
400,charge,非難、料金、管理/に請求する
401,charm,魅力/を魅了する
402,chart,表，図
403,checkup,検診
404,cheek,頬
405,chemical,化学の/化学製品
406,chemistry,化学
407,cheque,小切手
408,childhood,子供時代
409,chronicle,年代記
410,church,教会
411,circumstance,事情
412,civilization,文明
413,clarify,明らかにする
414,clarity,明快さ
415,clasp,留め具、金具
416,class,階級，等級，授業，学級
417,clause,節，条項
418,clay,粘土
419,clearance,片付け，除去
420,clearly,明確に
421,clerical,事務職の
422,clerk,店員
423,client,顧客
424,climate,気候
425,cling,しがみつく，固執する
426,clinic,診療所
427,closely,綿密に，密接に
428,closure,閉鎖
429,clothing,衣料品
430,clue,手がかり
431,clutter,乱雑
432,coalition,連立、連合
433,coincide,同時に起こる
434,coincidence,偶然
435,collaborate,協力する
436,collapse,崩壊する
437,colleague,同僚
438,collect,集める
439,college,大学
440,colony,植民地
441,colossal,巨大な，途方もなく大きい
442,column,柱、段
443,combat,戦闘
444,combination,組み合わせ
445,combine,を結合させる
446,comfortable,快適な、居心地のよい
447,commemorate,祝う、記念する
448,commercial,商業の
449,commission,手数料
450,commissioned,委託された
451,commissioner,委員、理事
452,commit,罪などを犯す
453,commitment,委託、献身
454,committee,委員会
455,common,共通の
456,communist,共産主義者
457,community,共同社会
458,commute,通勤する
459,commuter,通勤者
460,companion,連れ，仲間
461,company,会社、仲間
462,comparable,比較できる
463,compare,を比較する，をたとえる
464,compared,比較された
465,comparison,比較
466,compatible,互換性のある
467,compensate,補償する
468,compensation,補償
469,compete,競争する
470,competence,力量，能力
471,competent,有能な
472,competition,競争、競争相手
473,competitive,競争力のある
474,competitor,競合他社
475,compile,編集する
476,complain,不満を言う
477,complaint,不満
478,complement,補足物
479,complete,完全な
480,completed,完成した
481,complex,複雑な
482,complexity,複雑さ
483,compliance,社会規範
484,complicate,複雑にする
485,complicated,複雑な
486,complication,複雑さ、混乱
487,compliment,褒め言葉
488,complimentary,無料の，賞賛の，敬意を表する
489,comply,準拠する
490,component,成分，部品
491,compose,構成する
492,composition,構成，楽曲
493,compost,混合物
494,compound,調合する
495,comprehend,理解する
496,comprehension,理解
497,comprehensive,包括的な
498,compromise,妥協
499,compulsory,義務的な
500,conceal,隠す，隠れる
501,concede,譲歩する
502,conceive,構想する
503,concentrate,集中する
504,concentrated,集中的な、濃縮された
505,concern,懸案する
506,concerned,関わっている、心配している
507,concession,譲歩
508,concise,簡潔な
509,conclude,締めくくる，という結論を下す
510,conclusion,結論
511,concrete,具体的な
512,condemn,責める
513,condense,凝縮する
514,condition,条件、状態
515,conduct,行う
516,conducted,導かれた
517,conducting,導いている
518,conductor,導体，案内人，指揮者
519,conference,会議
520,confess,告白する
521,confidence,自信，信頼
522,confident,自信のある
523,confidential,機密の
524,confine,限る，を閉じこめる
525,confirm,を確認する
526,confirmation,確認
527,conflict,対立，争い
528,conform,従う、一致する
529,confront,直面させる
530,confusion,混乱
531,conglomerate,密集した
532,congratulate,お祝いする
533,congratulation,祝福
534,conquest,征服，占領
535,conscious,意識して，気づいて
536,consensus,同意
537,consent,同意する
538,consequential,重大な，必然の
539,consequently,その結果
540,conservation,保存，管理，維持
541,conservative,保守的な
542,conservatively,保守的に
543,conserve,保存する
544,consider,について考える
545,considerable,かなりの
546,considerably,かなり
547,considerate,思いやりがある、理解がある
548,consideration,考慮
549,considered,考慮された
550,considering,考慮している
551,consignment,委託
552,consist,成り立つ，存在する
553,consistently,持続的に
554,consolidate,統合する
555,consolidation,統合
556,consortium,連合
557,constant,絶え間ない
558,constitute,構成する
559,constitution,憲法
560,construct,を組み立てる，を建造する
561,construction,建設
562,constructive,建設的な
563,consult,相談する
564,consume,～を消費する
565,consumer,消費者
566,consumption,消費
567,contact,と連絡をとる/接触、連絡
568,contain,を含む，が入っている
569,container,容器
570,contemporary,現代の
571,content,中身，目次/満足して
572,continent,大陸
573,continual,継続的な
574,continuous,連続の
575,contract,契約
576,contrary,反対の
577,contrast,対照
578,contribute,寄付する，貢献する
579,contribution,寄付，貢献
580,contributor,貢献者，寄与者
581,controversial,議論を引き起こす、議論の的になる
582,controversy,論争
583,convenience,便利
584,convenient,都合がよい
585,conveniently,便利に
586,convention,（大規模な）会議
587,conventional,従来の
588,convergence,収束
589,conversation,会話
590,conversion,変換
591,convert,変える，変わる
592,convey,伝える，を運ぶ
593,convince,納得させる，説得する
594,cooperate,協力する
595,cooperative,協力的な
596,cope,対処する
597,copper,銅
598,copyright,著作権
599,core competency,核となる技術
600,corporation,法人
601,correct,正確な/を訂正する
602,correspondent,特派員
603,corresponding,一致する
604,cost,費用として払う、費用
605,cost-effective,費用対効果の高い
606,could,～できた
607,council,議会
608,counsel,助言，相談，弁護士
609,counter,相対する
610,counterpart,相手，副本，写し
611,countless,数え切れないほどの、無数の
612,country,国，いなか，地方
613,countryside,田舎
614,county,州、郡
615,coupon,割引購入権
616,courage,勇気
617,courageous,勇気のある
618,courtesy,礼儀
619,courtroom,法廷
620,coworker,同僚
621,crack,亀裂
622,cradle,ゆりかご
623,crane,鶴
624,crate,箱
625,crawl,這う
626,creative,創造的な
627,credentials,資格、経歴、資質
628,credit,信用
629,creditor,債権者
630,crescent,三日月
631,crew,乗組員，一団
632,crime,犯罪
633,crisis,危機
634,crisp,新鮮な
635,criterion,基準
636,critic,批評家，批判者
637,critical,極めて重要な，非常に深刻な
638,critically,批判的に，危なく
639,criticism,批判
640,criticize,批判する
641,critics,批評
642,crop,収穫物
643,crowd,群衆
644,crucial,重要な
645,cruise,巡航する
646,cuisine,料理
647,culinary,料理の
648,cultivate,を耕作する，を栽培する
649,cunning,ずる賢い，狡猾な
650,cupboard,食器棚
651,curator,学芸員
652,cure,治療する
653,curiosity,好奇心
654,curious,好奇心が強い
655,currency,通貨
656,current,現在の、目下の/流れ
657,currently,現在のところ、現在
658,custodian,管理人
659,custom,習慣
660,customer,顧客
661,customer-satisfaction,顧客満足
662,cutlery,食器
663,cutting-edge,最先端の
664,damaged,損傷した
665,dare,思い切って…する，生意気にも…する
666,date,日付
667,day-to-day,日々の，毎日の
668,deadline,締め切り
669,debate,討論
670,debit,借り方
671,debris,破片
672,debt,借金，負債
673,decade,10年
674,decent,まともな
675,decided,決定した
676,decision,決定、決心
677,declare,宣言する
678,decline,を断る，衰退する/低下，衰退
679,decor,装飾
680,decrease,減少する/減少
681,dedicate,捧げる
682,deducted,差し引かれた
683,default,債務不履行
684,defeat,を負かす
685,defect,欠陥
686,deficit,赤字
687,define,の意味を明確に述べる
688,definite,明確な
689,definition,定義
690,degree,程度、度
691,delay,を遅らせる
692,delayed,遅れた
693,delegate,委譲する、委任する
694,deliberately,故意に
695,delicate,微妙な，繊細な
696,delicatessen,惣菜
697,delighted,喜んで
698,deliver,を配達する
699,delivery,郵送、配達
700,demand,要求，需要/…を要求する
701,demanding,要求の厳しい
702,demerger,解体
703,democracy,民主主義
704,democratic,民主主義の，民主的な
705,demolition,解体
706,demonstrate,実証する
707,demonstration,デモ、実演
708,dental,歯科の
709,dentistry,歯科
710,deny,否定する
711,depart,出発する
712,department,部門、課
713,departure,出発
714,depend,依存する，次第である
715,dependent,依存している
716,deplete,使い果たす
717,deposit,お金を預ける
718,depot,停車場，倉庫
719,depreciation,減価償却
720,depress,落胆させる
721,depression,不景気
722,deprive,奪う
723,deregulation,規制緩和
724,derive,引き出す
725,describe,について述べる、を描写する
726,description,説明、描写
727,desert,砂漠/を立ち去る
728,deserve,値する
729,deserving,値する
730,design,設計/設計する
731,designate,選定する
732,designated,指定された
733,designed,設計された
734,designer,設計者、デザイナー
735,desirable,望ましい
736,desire,願望/を強く望む
737,despite,にもかかわらず
738,destination,目的地
739,destruction,破壊
740,detail,詳細
741,detailed,詳細の
742,detective,探偵，刑事
743,detergent,洗剤
744,deterioration,悪化
745,determination,決定，決意
746,determine,を決める
747,detour,迂回する
748,develop,を発達［発展］させる、発達する
749,developed,開発された
750,development,発展、発達
751,device,装置、仕掛け
752,devise,考え出す
753,devote,時間・努力を注ぐ
754,devoted,献身的な
755,diabetes,糖尿病
756,diagnose,診断する
757,dialect,方言，なまり
758,dietary,食事の
759,different,違った
760,digit,桁
761,dignity,威厳，尊厳
762,dilemma,板ばさみ
763,diligence,勤勉
764,dilute,薄める
765,diminish,減る，を減らす
766,diner,簡易食堂
767,diplomatic,外交上の，外交官の
768,direct,直接の
769,direction,方向、指針
770,director,監督
771,directory,住所氏名録
772,dirt,泥
773,disabled,障害のある
774,disadvantage,不利，デメリット
775,disagree,一致しない
776,disappointment,失望
777,disassemble,分解する，解体する
778,disaster,災害
779,discipline,しつけ，規律
780,disclose,開示する
781,discontinued,（製造・販売が）終了した
782,discourage,をがっかりさせる
783,discover,発見する
784,discovery,発見
785,discuss,議論する
786,discussed,議論された
787,discussing,議論している
788,disease,病気
789,dismiss,解雇する，退出させる
790,display,展示/展示する
791,displayed,表示された
792,disposal,廃棄
793,dispute,争議，口論
794,disregard,無視する
795,disruption,破壊
796,dissatisfaction,不満
797,disseminate,普及させる
798,distance,距離
799,distant,遠く離れた
800,distinct,はっきり異なる
801,distinction,区別，違い
802,distinctive,特有の
803,distinguish,見分ける、区別する
804,distinguished,際立って優れた、傑出した
805,distribute,配布する
806,distributed,配布した
807,distribution,分布
808,district,地域，地区
809,disturb,平穏を妨げる
810,diverse,多様な
811,diversification,多様化
812,diversify,多様化する
813,diversity,多様性
814,divide,分割する
815,dividend,配当
816,division,分割、部門
817,divorce,離婚
818,document,書類
819,documentary,事実を記録した
820,domestic,国内の，家庭内の
821,dominate,支配する
822,donate,寄付する
823,donation,寄付
824,donor,提供者，寄贈者
825,dormitory,寮
826,doubtful,疑わしい
827,downside,欠点
828,draft,草案
829,drain,排出させる
830,drainage,排水，排水路
831,drapery,カーテン
832,drastically,劇的に
833,draw,描く，引く
834,drawer,引き出し
835,driver,運転手
836,due,行われる予定の/納期
837,dull,面白みのない，鈍い
838,duration,持続時間
839,during,～の間、～を通じて
840,duty,職務、義務
841,dwell,住む
842,earn,を稼ぐ
843,ease,容易さ
844,eatery,食堂
845,economic,経済の，経済的な
846,economics,経済学
847,economy,経済
848,edge,端
849,edit,編集する
850,edition,版
851,editor,編集者
852,editorial,編集の
853,education,教育
854,effective,効果的な
855,effectively,効果的に
856,efficiency,効率性
857,effort,努力
858,either,(もまた)～でない
859,elaborate,手の込んだ
860,election,選挙
861,electric,電気の
862,electrical,電気の
863,electricity,電気
864,electronic,電子の
865,elegant,優雅な
866,element,要素
867,elementary,初歩の，基本の
868,eligible,資格のある
869,eliminate,を取り除く
870,embarked,乗り出した
871,embarrass,恥ずかしがらせる
872,embarrassing,恥ずかしい
873,emblem,象徴
874,embrace,抱きしめる
875,emerge,現れる
876,emerging,新たに現れた、新興の
877,emission,排出
878,emperor,皇帝，天皇
879,emphasis,強調
880,emphasize,を強調する
881,employ,を雇う
882,employee,従業員
883,employer,雇用者
884,employment,雇用
885,empower,力を与える
886,emulation,競争，対抗
887,enable,可能にする
888,enclose,囲む、同封する
889,enclosure,同封物
890,encounter,遭遇する
891,encourage,を励ます、を助長する
892,encouraged,励ました
893,endangered,絶滅の危機に瀕した
894,endeavor,努力
895,endorse,支持する
896,endure,耐える
897,enforcement,執行
898,engaged,従事している，婚約している
899,engagement,約束
900,enhance,高める，増す
901,enhancement,強化
902,enlarge,拡大する
903,enormous,非常に大きい
904,enough,十分な
905,enrich,豊かにする
906,enroll,登録する、入会する
907,ensure,を確実にする、を保証する
908,entail,伴う
909,enterprise,企業
910,entertain,を楽しませる
911,entertaining,おもしろい、愉快な
912,entertainment,娯楽
913,enthusiasm,情熱，熱意
914,enthusiastic,熱狂的な
915,enthusiastically,熱狂的に
916,entire,全体の，全体
917,entirely,完全に，全く
918,entity,実在，実体
919,entrance,入り口、入学
920,entrepreneur,起業家
921,entry,入場
922,envelope,封筒
923,environment,環境，状況
924,equal,等しい/に等しい
925,equality,平等さ
926,equally,同等に
927,equation,方程式
928,equator,赤道
929,equip,に備え付ける
930,equipment,装置、設備
931,equities,株式
932,equity,公平
933,equivalent,等しい，同等の
934,era,時代
935,especially,特に
936,essentially,本質的に
937,establish,を設立する
938,establishment,設立
939,estate,財産
940,esteem,尊重する
941,estimate,を推定する、
942,evaluate,評価する
943,evaluation,評価
944,even,～さえ
945,evenly,均等に
946,event,出来事、行事
947,eventually,最終的には
948,ever,今まで
949,every,毎～
950,evidence,証拠
951,evident,明らかな
952,evolution,進化，進展
953,evolve,進化する
954,exact,正確な
955,exactly,正確［厳密］に，ちょうど
956,examination,試験
957,examine,を検査する，を調べる
958,exceed,超える
959,except,を除いて
960,exception,例外
961,exceptional,並外れた
962,exceptionally,例外的に
963,excerpt,抜粋
964,excess,過ぎる
965,exchange,交換する
966,exclude,を除く，排除する
967,exclusion,除外
968,exclusive,排他的な
969,exclusively,排他的に
970,excuse,許す
971,executive,幹部、重役
972,exercise,練習する
973,exert,行使する
974,exhaust,疲れ果てさせる
975,exhausted,疲れ切った
976,exhibit,を表示する、を展示する
977,exhibition,展示
978,exhibitor,展示者
979,exist,存在する
980,existing,既存の
981,expand,を拡大する
982,expanded,拡大された
983,expansion,拡張
984,expect,期待した
985,expectation,期待
986,expected,期待した
987,expecting,期待している
988,expedite,促進する
989,expenditure,支出
990,expense,費用、出費、犠牲
991,expensive,値段が高い
992,experience,経験/を経験する
993,experienced,経験した
994,experiment,実験
995,expert,専門家
996,expertise,専門知識
997,expiration,期限切れ，（契約などの）終了
998,expire,期限が切れる
999,expired,期限切れの
1000,explain,説明する
1001,explanation,説明
1002,exploration,探査
1003,explore,を探索，探検する
1004,explosion,爆発
1005,expo,博覧会
1006,export,を輸出する/輸出
1007,exporter,輸出者
1008,expose,明らかにする，をさらす
1009,exposure,暴露
1010,express,を表現する
1011,expression,表現
1012,extend,延びる，を拡張する
1013,extension,拡張
1014,extensive,広範な
1015,extent,程度
1016,exterior,外観
1017,external,外部の
1018,extinction,絶滅
1019,extra,余分の
1020,extract,抽出する
1021,extraordinary,普通でない，並はずれた
1022,extreme,極端な
1023,fabric,織物
1024,facilitate,容易にする、促進する
1025,facilitator,進行役
1026,facility,施設、設備
1027,fact,事実
1028,factor,要因，要素
1029,factory,工場
1030,faculty,学部
1031,fade,次第に消える
1032,fading,次第に消えていく
1033,failure,失敗，失敗作，失敗者
1034,faint,かすかな，わずかな
1035,fair,公平な、かなりの
1036,fairly,かなり，公平に
1037,faith,信頼，信仰
1038,faithfully,忠実に
1039,fame,名声
1040,familiar,馴染みのある
1041,family-owned,家族経営の
1042,far,遠くに、はるかに
1043,fare,運賃
1044,farmer,農家
1045,fascinate,魅了する
1046,fastened,固定した
1047,fate,運命
1048,fault,欠点，過失
1049,faulty,欠点のある
1050,favor,親切な行為
1051,favorable,好ましい
1052,feature,特徴/を目玉とする
1053,features,機能
1054,fee,料金
1055,feed,に食べ物を与える，を養う
1056,feedback,反応
1057,fellow,仲間、同士
1058,fertilizer,肥料
1059,festival,祭り
1060,fetch,取ってくる，誘い出す
1061,fiction,創作
1062,figure,図，表
1063,finally,ついに
1064,finance,財政
1065,financial,財政の、金融の
1066,find,見つける
1067,fire,解雇する
1068,firm,しっかりした、堅い/会社
1069,fix,を固定する、を修理する
1070,flagship,旗艦
1071,flair,才能，勘
1072,flame,炎
1073,flash,閃光
1074,flat,平らな
1075,flatten,平らにする
1076,flavor,風味
1077,flexibility,柔軟性
1078,flexible,柔軟な
1079,flip,はじく、ひっくり返す
1080,float,浮かぶ
1081,floor,床、階
1082,floor-to-ceiling,床から天井まで
1083,flow,流れる/流れ
1084,fluid,流動性の，変わりやすい
1085,flyer,チラシ
1086,fold,を折りたたむ
1087,follow,の後を追う
1088,followed,従った
1089,foray,不意打ち
1090,force,力/を強制する
1091,forecast,予報、予測
1092,foresee,予見する，予測する
1093,form,形態/を形成する
1094,formally,正式に
1095,former,前の/前者
1096,formerly,以前は
1097,formula,式
1098,forthcoming,今後の
1099,fortunate,幸運な
1100,fortunately,幸いにも
1101,fortune,運，財産
1102,forum,公開討論会
1103,forward,前方へ
1104,found,を設立する
1105,foundation,土台，根拠，設立
1106,founder,創設者
1107,fountain,噴水
1108,fragile,もろい
1109,frame,骨組み，枠組み
1110,framework,骨格
1111,freight,貨物、輸送、輸送料/輸送する
1112,frequency,周波数
1113,frequent,頻繁な
1114,frequently,頻繁に
1115,friendliness,親しみやすさ
1116,frustrate,挫折させる
1117,fuel,燃料
1118,fulfill,を果たす，をかなえる
1119,fully,十分に，完全に
1120,fund,資金
1121,fundamental,基本的な，根本的な
1122,funding,資金調達
1123,fund-raising,資金調達
1124,funeral,葬式
1125,funny,おかしな
1126,fur,毛皮
1127,furniture,家具、調度品
1128,further,さらに
1129,furthermore,その上に
1130,fusion,融合，溶解
1131,gain,を得る/獲得
1132,gala,祭り
1133,garage,倉庫
1134,garbage,生ゴミ，くず
1135,garden,庭
1136,garment,衣服
1137,gas,ガソリン
1138,gather,を集める，集まる
1139,gaze,じっと見つめる
1140,gene,遺伝子
1141,general,一般的な、全般的な
1142,generally,一般的に
1143,generate,を発生させる
1144,generation,世代
1145,generosity,寛大さ
1146,genius,天才
1147,genuine,本物の，偽りのない
1148,giveaway,景品，無料サンプル
1149,given,~を考慮すると、~と仮定すると
1150,glad,うれしい
1151,glance,一目見る
1152,glory,栄光
1153,glowing,白熱した、真っ赤に熟した
1154,govern,統治する
1155,government,政府，統治
1156,governor,知事、長官
1157,graduate,卒業する
1158,grain,穀物
1159,grand,壮大な
1160,grant,給付金/を与える
1161,grasp,つかむ，を理解する
1162,grateful,感謝して
1163,grave,墓/深刻な
1164,gravity,重力
1165,greet,挨拶する
1166,greeting,あいさつ
1167,grief,悲しみ
1168,grin,歯を見せて笑う
1169,grocery,食料品
1170,grow,増加する、育てる
1171,guarantee,を保証する
1172,guess,だと思う，を推測する
1173,guest,客
1174,guilty,有罪の
1175,habit,習慣
1176,Hall,玄関の広間、ろうか
1177,handcrafted,手作りの
1178,handicraft,手芸
1179,handle,を手で扱う，にうまく対処する
1180,handout,配布物
1181,hands-on,実地の、実用的な
1182,hang,つるす，を絞首刑にする
1183,happen,起こる
1184,hard-to-reach,到達するのが難しい
1185,harmful,有害な
1186,harmonize,調和させる
1187,harmony,調和
1188,harvest,収穫/を収穫する
1189,haul,運搬する
1190,head,頭，先頭
1191,headquarters,本部
1192,healthy,健康な
1193,heaven,天
1194,hedge,垣根，防止策
1195,held,開催された
1196,herb,薬草
1197,hereby,ここに
1198,heritage,遺産
1199,hesitate,ためらう
1200,highlight,目立たせる
1201,highly,とても，高く
1202,hire,を雇う
1203,historic,由緒のある
1204,historical,歴史（上）の
1205,hold,握る、開催する
1206,honest,正直な
1207,honor,名誉，敬意
1208,horizontal,水平の
1209,hostile,敵意のある，敵の
1210,hourly,1時間単位の
1211,household,家族，家
1212,housing,住宅
1213,however,しかし
1214,human,人間の
1215,hunger,飢え，空腹
1216,hydrogen,水素
1217,hygiene,衛生
1218,ideal,理想/理想の
1219,identical,全く同じ
1220,identification,身分証明書
1221,identify,を見分ける
1222,if,もし～ならば
1223,ignore,を無視する
1224,illegal,違法の
1225,illustrate,説明する，図解する
1226,imitate,模倣する
1227,immediate,即座の
1228,immediately,即座に
1229,immense,非常に大きな、巨大な
1230,immigrant,移民
1231,implement,実施する
1232,implementation,実装
1233,implemented,実行された
1234,implied,暗示した
1235,imply,をほのめかす
1236,important,重要な
1237,importantly,重要なことに
1238,impose,を課す
1239,impossible,不可能な，だめな
1240,impress,印象づける
1241,impressed,感動した，印象付けられた
1242,impression,印象
1243,improve,を改善する
1244,improved,改善した
1245,improvement,改善
1246,impulse,衝動
1247,inactive,怠惰な、活動していない
1248,inattentive,不注意な
1249,inaugurate,就任させる
1250,incentive,動機
1251,incident,事件
1252,inclement,荒れ模様の、厳しい
1253,include,を含む
1254,included,含まれた
1255,including,含んでいる
1256,inclusive,含んだ、含めて
1257,income,所得
1258,incomplete,不完全な
1259,inconsistent,一貫しない，矛盾した
1260,inconvenience,不便
1261,inconvenient,不便な
1262,incorporate,合体させる
1263,incorrect,不正解の
1264,increase,を増やす、増える
1265,increased,増加した
1266,increasing,増加している
1267,incur,負う
1268,indeed,確かに
1269,indemnity,補償
1270,independence,独立，自立
1271,independent,独立した，自立した
1272,independently,単独で、独立して
1273,indicate,を指し示す
1274,indicated,示された
1275,indicator,指示者
1276,indispensable,欠かせない、絶対必要な
1277,individual,個人の，個々の/個人
1278,industrial,産業の
1279,industry,産業、工業
1280,industry-wide,業界全体の
1281,inevitable,避けられない
1282,inexpensive,安価な
1283,infant,幼児
1284,infection,感染
1285,infer,推察する，考える
1286,inferior,劣った
1287,inflate,膨らませる
1288,inflation,膨張
1289,influence,に影響を及ぼす/影響
1290,inform,に知らせる
1291,informally,くだけて、非公式に
1292,information,情報
1293,informative,有益な
1294,informed,知らせた
1295,ingredient,材料、原料
1296,inhabitant,（ある場所の）居住者，生息動物
1297,initial,当初の
1298,initially,最初に
1299,initiate,開始する
1300,initiative,主導権
1301,injury,けが
1302,inlet,入り江
1303,inmate,収容者，同居人
1304,inner,内部の
1305,innovation,革新
1306,innovative,革新的な
1307,in-person,対面で
1308,inquire,問い合わせる
1309,inquiry,問い合わせ
1310,insect,昆虫
1311,insight,洞察
1312,insist,要求する，主張する
1313,insolvency,債務超過
1314,inspect,検査する，点検する
1315,inspection,検査
1316,inspector,検査官
1317,inspiration,ひらめき
1318,inspire,鼓舞する
1319,inspiring,やる気が出るような、活気づける
1320,install,導入する
1321,installation,導入、就任
1322,installed,導入した
1323,instant,瞬間、瞬時
1324,instantly,すぐに，即座に
1325,instead of,の代わりに
1326,instinct,本能
1327,institute,研究所
1328,in-store,お店の中で
1329,instruct,指示する
1330,instructed,指示された
1331,instructor,指導者
1332,instrument,楽器、道具、器具
1333,instrumental,重要な役割を果たす
1334,insulated,絶縁された
1335,insulation,絶縁
1336,insurance,保険
1337,insurer,保険会社
1338,integrate,統合する
1339,integration,統合
1340,intellectual,知的な，知性の
1341,intelligence,知能，諜報
1342,intelligent,知能の高い
1343,intend,意図する
1344,intended,意図した
1345,intense,激しい
1346,intensive,集中的な
1347,intentionally,意図的に
1348,interact,交流する
1349,interest,関心
1350,interface,接点
1351,interfere,干渉する，阻害する
1352,interior,内部の
1353,intermission,休憩時間
1354,internal,内部の
1355,internship,実習
1356,interpret,解釈する，通訳する
1357,interpretation,解釈
1358,interrupt,の邪魔をする，を中断させる
1359,intersection,交差点
1360,intervene,介在する、口をはさむ
1361,interview,面接
1362,intimate,親密な
1363,into,～の中へ
1364,intrigued,興味をそそられる
1365,introduce,紹介する
1366,introduction,紹介，導入
1367,introductory,入門の、最初の、お試しの
1368,inventory,在庫
1369,invest,投資する
1370,investigate,を調査する
1371,investigation,調査
1372,investment,投資
1373,investor,投資家
1374,invisible,見えない
1375,invitation,招待
1376,invite,招待する
1377,invoice,請求書
1378,involve,関与する
1379,involved,関与した
1380,iris,虹彩
1381,island,島
1382,isolate,孤立させる
1383,issue,問題、（雑誌などの）号
1384,item,項目、商品
1385,itemize,箇条書きにする，項目別にする
1386,itinerary,旅程
1387,join,参加する
1388,joint,継ぎ目
1389,journal,日誌、日記
1390,judicial,司法の
1391,justification,正当化
1392,justify,を正当化する
1393,keen,切望した，熱意のある
1394,kettle,やかん
1395,keynote,要旨，基本方針
1396,kitchenette,簡易キッチン
1397,kitchenware,台所用品
1398,knowledgeable,知識豊富な
1399,lab,研究室
1400,labor,労働
1401,laboratory,実験室
1402,ladder,はしご
1403,lag,遅れる
1404,lagoon,環礁
1405,landfill,埋め立て
1406,landlord,家主
1407,landscape,景観
1408,lapse,間違い、うっかり
1409,laptop,ノートパソコン
1410,largely,主として
1411,last,持続する
1412,lasting,永続的な
1413,last-minute,間際での
1414,latest,最新の、最近の
1415,latter,後者の
1416,launch,送り出す
1417,laundry,洗濯場
1418,law,法律
1419,lawsuit,訴訟
1420,lay,を横たえる
1421,layoff,解雇
1422,leak,漏れる
1423,lean,寄りかかる，かがむ
1424,leap,跳ぶ
1425,lease,貸す
1426,leash,ひも、くさり
1427,least,最悪
1428,lecture,講義
1429,leftover,残り物
1430,legal,法律の，合法な
1431,legally,合法的に
1432,legendary,伝説の
1433,legible,判読できる
1434,legislation,立法
1435,leisure,余暇
1436,lend,貸す
1437,length,長さ
1438,lengthy,長期にわたる、冗長な
1439,less,より少ない
1440,let,～させる
1441,liability,責任
1442,liaison,連絡係、調整
1443,liberty,自由
1444,lifelong,一生の
1445,lifetime,寿命
1446,lift,持ちあげる
1447,lighthouse,灯台
1448,likely,起こりそうな、可能性が高い
1449,likewise,同様に
1450,limit,限度，制限/を制限する
1451,link,つながる
1452,liquidate,現金化する，清算する
1453,liquidity,流動性
1454,listed,上場した
1455,literacy,読み書き
1456,literally,文字通りに
1457,literary,文学の
1458,literature,文学
1459,lively,にぎやかな
1460,load,積み荷/を積む
1461,loan,融資する
1462,local,地元の
1463,locate,特定する
1464,located,（ある場所に）位置する
1465,location,場所
1466,log,丸太、日誌
1467,logical,論理的な
1468,long-term,長期的な
1469,loose,ゆるんだ
1470,loosen,緩む
1471,lord,封建君主，…卿，（（大文字で））神
1472,lost,道に迷った
1473,lovely,美しい
1474,loyal,忠実な
1475,loyalty,忠誠
1476,lucrative,儲かっている
1477,luggage,荷物
1478,lumber,材木、製材
1479,luncheon,昼食
1480,lung,肺
1481,luxurious,ぜいたくな
1482,luxury,贅沢，贅沢品/贅沢な
1483,machine,機械
1484,machinery,機械
1485,made,作った
1486,main,主な
1487,mainly,主に
1488,mainstream,主流
1489,maintain,を維持する，だと主張する
1490,maintenance,持続、維持
1491,major,主な、大きな/専攻する
1492,majority,大多数，大半
1493,make,作る、～を～にする
1494,maker,製造元
1495,malfunction,故障
1496,mammal,哺乳動物
1497,manage,管理する、何とかやる
1498,manageable,扱いやすい
1499,management,管理
1500,manager,部長、支配人、監督
1501,mandatory,義務の、必須の
1502,manufacture,製造する
1503,manufacturer,メーカー、製造者
1504,manufacturing,製造している
1505,marine,海の
1506,market,市場、しじょう
1507,marketing,市場調査
1508,marriage,結婚
1509,massive,巨大な，大規模な
1510,mate,友達
1511,material,材料
1512,matter,問題、困ったこと
1513,mature,成熟した
1514,maximum,最大の
1515,mayor,市長
1516,meal,食事
1517,mean,意味する
1518,meaning,意味
1519,means,手段
1520,meantime,合間
1521,meanwhile,一方で
1522,measure,措置，測るもの/を測る
1523,medical,医学の、医療の
1524,meeting,打ち合わせ
1525,melt,溶ける，を溶かす
1526,member,会員
1527,membrane,膜
1528,memorandum,覚え書き
1529,mend,直す，修正する
1530,mention,について言及する
1531,mentioned,言った
1532,mentoring,助言している
1533,merchandise,商品
1534,merchant,商人
1535,Mercury,水星
1536,mere,単なる
1537,merely,単に
1538,merge,合併する
1539,merger,合併
1540,metal,金属
1541,metaphor,比喩
1542,method,方法
1543,meticulously,細心の注意を払って
1544,might,～だったのに
1545,million,100万
1546,mineral,鉱物
1547,minimal,最小の
1548,minimize,最小化する
1549,minister,大臣
1550,minority,少数派
1551,minute,分，議事録
1552,misplace,紛失する、置き忘れる
1553,miss,間違う
1554,missing,喪失、不明
1555,mission,使命、任務
1556,misunderstand,勘違いする
1557,mobile,携帯の
1558,moderate,ほどほどの、適度な
1559,modern,現代的な
1560,modest,少しの，高価ではない、謙虚な
1561,modification,変形
1562,modify,修正する
1563,moment,瞬間，時
1564,momentum,勢い
1565,monetary,金融の，金銭の
1566,month,月
1567,monument,記念碑
1568,mortgage,抵当
1569,motion,動き
1570,motivate,動機付ける
1571,multinational,多国籍の
1572,multiple,多数の、さまざまな
1573,municipal,地方自治体の
1574,murder,(故意の）殺人/…を（故意に）殺す
1575,museum,博物館
1576,must,しなければならない
1577,mutually,相互に，お互いに
1578,mystery,神秘的な
1579,myth,神話
1580,name,名前
1581,narrow,幅が狭い
1582,national,国家の，国民の
1583,native,生まれ故郷の，生来の
1584,natural,自然の
1585,nearby,近くの
1586,nearly,近く、ほとんど
1587,neat,きちんとした
1588,necessarily,必ずしも～でない
1589,necessary,必要な
1590,negative,否定の，悲観的な
1591,neglect,世話を怠る，を省みない
1592,negotiable,交渉可能な
1593,negotiate,交渉する
1594,neighborhood,近所
1595,neighboring,近隣の
1596,neither,どちらでもない
1597,never,１度も～ない
1598,news,ニュース
1599,niche,適所
1600,nod,うなずく
1601,nomination,指名
1602,nominee,候補者
1603,nonrefundable,返金不可の
1604,note,注目する、書き留める
1605,noted,有名な
1606,notice,に気づく/注意、掲示
1607,noticeable,目立つ
1608,noticed,気づいた
1609,notification,通知
1610,notify,通知する
1611,nourish,養う
1612,novel,小説/新奇な
1613,nowhere,どこにも
1614,nuclear,核の
1615,numerous,多数の
1616,nutrition,栄養
1617,obey,従う
1618,object,物体，対象，目的/反対する
1619,objection,異議
1620,objective,目標、目的
1621,obligation,義務
1622,observance,行事、順序
1623,observation,観察
1624,observe,を観察する，を遵守する
1625,obstacle,障害
1626,obtain,を手に入れる
1627,obvious,あきらかな、見えすいた
1628,occasional,時折の
1629,occasionally,ときどき、たまに
1630,occation,場合，とき，機会
1631,occupancy,占有、占有人数
1632,occupation,職業
1633,occupied,使われている，占領されている
1634,occupy,占める，を占領する
1635,occur,発生する
1636,odd,変な，奇数の
1637,offend,気分を害する
1638,office,事務所
1639,official,公式の
1640,on site,現場で
1641,once,かつて、１度
1642,ongoing,進行中の
1643,on-time,定刻の
1644,operate,操作する
1645,operating,作動している
1646,operation,操縦、運営
1647,opinion,意見
1648,opponent,相手
1649,opportunity,機会
1650,oppose,反対する
1651,opposite,反対の/と反対側の
1652,opposition,反対
1653,optics,光学
1654,optimize,最適化する
1655,optimum,最適の
1656,option,選択
1657,oral,口頭の，口の
1658,orbit,軌道
1659,order,注文する
1660,ordinance,条例
1661,ordinarily,ふつうは
1662,ore,鉱石
1663,organic,無農薬の
1664,organization,組織、団体
1665,organize,を組織する
1666,organized,組織された
1667,orient,東洋
1668,orientate,方向づける
1669,orientation,適応，順応，方向付け
1670,origin,起源
1671,original,当初の/原文
1672,originate,起こる，生じる
1673,otherwise,さもなければ，それとは違うように
1674,outage,停電
1675,outcome,結果
1676,outgoing,社交的な
1677,outlaw,無法者
1678,outlet,出口
1679,outline,概要
1680,outsource,外注する
1681,outstanding,目立った
1682,outweigh,上回る
1683,overall,全体的な
1684,overbook,過剰予約する
1685,overcome,克服する
1686,overdraft,当座貸越
1687,overdue,期限の過ぎた
1688,overhead,間接の
1689,overlook,見渡す、見落とす
1690,oversee,監督する
1691,oversight,見落とし、手落ち、監視
1692,overtime,延長時間，残業
1693,overwhelm,圧倒する
1694,overwhelming,圧倒的な
1695,owing,借りている
1696,own,自分の
1697,ownership,所有権
1698,oxygen,酸素
1699,package,包み、荷物
1700,paid,支払った
1701,painting,絵画
1702,palace,宮殿
1703,pale,青ざめた
1704,palm,手のひら
1705,paperwork,書類，書類作業
1706,paragraph,段落
1707,parcel,小包
1708,parental,親の
1709,park,公園
1710,parliament,議会、下院
1711,participant,参加者
1712,participate,参加する
1713,participated,参加した
1714,participation,参加
1715,particular,特定の，特にその，気むずかしい
1716,particularly,特に
1717,partner,伴侶、相方
1718,passage,（文章の）一節，通路
1719,passenger,乗客
1720,passion,熱望，強い関心
1721,past,過去の
1722,pastor,牧師
1723,pastry,パン菓子
1724,patent,特許
1725,path,小道
1726,patience,辛抱強さ，忍耐
1727,patient,我慢強い/患者
1728,patio,テラス，中庭
1729,patron,愛国者、ファン
1730,pavement,舗装道路
1731,pay,支払う
1732,paycheck,給料
1733,payment,支払い
1734,payroll,給与
1735,peak,頂上
1736,peculiar,奇妙な
1737,pedestrian,歩行者
1738,pediatric,小児科の
1739,peel,皮をむく
1740,peer,同僚、仲間
1741,peninsula,半島
1742,per,～ごとの
1743,perceive,知覚する
1744,perception,洞察（力），知覚
1745,perennial,一年中続く
1746,perform,を行う、機能する
1747,performance,実行、業績、実績
1748,perimeter,周囲
1749,period,期間，時代
1750,periodic,定期的な
1751,periodical,定期的に
1752,perk,ぴんと上げる
1753,permanent,永久の，常設の
1754,permanently,永久に
1755,permissible,許容される、容認できる
1756,permission,許可
1757,permit,を許可する
1758,permitted,許可した
1759,persistent,根気強い
1760,personnel,人事
1761,perspective,見地，視座
1762,persuade,説得する
1763,pertain,属する，該当する
1764,petrol,ガソリン
1765,pharmaceutical,医薬品の
1766,pharmacist,薬剤師
1767,pharmacy,薬局
1768,phenomenon,現象
1769,philosophy,哲学
1770,phrase,句、熟語
1771,physical,身体の，物理的な
1772,physics,物理学
1773,pick,選ぶ、摘む
1774,picture,絵，写真
1775,picturesque,絵のように美しい
1776,pier,桟橋
1777,pilot,試験的な
1778,pitfall,落とし穴
1779,place,場所
1780,placid,穏かな
1781,plain,簡素な，無地の/高原
1782,plan,計画
1783,plant,植物
1784,pleased,喜んで
1785,pleasure,楽しみ，喜び
1786,pledge,誓約
1787,plenty,たくさん
1788,plug,差し込む，接続する
1789,plumbing,配管工事
1790,plummet,急落する
1791,policy,政策、方針
1792,polish,磨く
1793,polite,礼儀正しい
1794,poll,投票
1795,pond,池
1796,Poor,貧乏な，かわいそうな
1797,poorly,かわいそうに
1798,popularity,人気
1799,population,人口，国民
1800,porch,玄関
1801,portable,携帯できる
1802,portfolio,人物像
1803,portrait,肖像画
1804,portray,描く
1805,position,位置、立場、職
1806,possess,所有する
1807,possible,可能な
1808,posted,投稿した
1809,postpone,延期する
1810,potential,潜在的な
1811,potentially,潜在的に
1812,pottery,陶器
1813,pour,を注ぐ
1814,practically,実質的に，ほとんど
1815,praise,をほめる
1816,pray,祈る
1817,prayer,祈り
1818,preceding,前述の，先行している
1819,precious,貴重な
1820,precise,正確な
1821,precisely,正確に
1822,precision,正確さ
1823,predict,を予想する，を予測する
1824,prediction,予測
1825,prefer,をより好む
1826,preferable,望ましい
1827,preference,好み
1828,preferred,好んだ
1829,pregnant,妊娠した
1830,prejudice,先入観，偏見
1831,premier,最高の、トップの
1832,premise,前提，建物
1833,preparation,準備
1834,prepare,準備をする、に準備をさせる
1835,prerequisite,前提条件
1836,prescribe,処方する
1837,prescription,処方箋
1838,presence,存在
1839,present,出席している
1840,preservation,保存
1841,preserve,を保存［保護］する
1842,president,社長、大統領
1843,presidential,大統領の
1844,press,を押す/マスコミ
1845,prestigious,権威のある、誉れ高い
1846,pretend,のふりをする
1847,prevent,を妨げる
1848,prevention,防止，予防
1849,previous,前の
1850,previously,以前は
1851,prey,獲物
1852,price,価格
1853,primarily,主として
1854,prime,主要な，最重要の
1855,primitive,原始的な
1856,principal,第一の，主要な/校長，学長
1857,principle,原理・原則，主義
1858,print,印刷する
1859,prior,優先の
1860,priority,優先度
1861,prison,刑務所
1862,private,個人的な，私的な
1863,privatization,民営化
1864,privilege,特権
1865,probability,確率，可能性
1866,probably,多分
1867,problem,問題
1868,procedure,手順
1869,process,過程/を加工処理する
1870,processor,処理装置
1871,procrastinate,先延ばしにする
1872,procurement,調達
1873,produce,を生みだす、を生産する
1874,product,製品、産物
1875,productivity,生産性
1876,profession,職業
1877,professional,専門職の/専門職の人
1878,proficiency,熟達
1879,proficient,堪能な、熟達した
1880,profit,利益
1881,profitability,収益性
1882,profitable,利益のある
1883,profound,深い，大きな
1884,program,企画、番組
1885,progress,進歩
1886,prohibit,禁止する
1887,prohibited,禁止された
1888,project,計画、事業
1889,prominently,目立って、傑出して
1890,promote,を促進する、昇進する
1891,promotion,昇進
1892,promotional,販促の
1893,prompted,促した
1894,promptly,早速
1895,pronunciation,発音
1896,proof,証拠
1897,properly,適切に
1898,property,財産、所有地
1899,proportion,比率，割合
1900,proposal,提案
1901,propose,を提案する
1902,proposed,提案した
1903,proposition,提案，主張
1904,proprietor,所有者
1905,prospect,見通し，見込み
1906,prospective,見込みのある
1907,prosperous,繁栄している
1908,protest,抗議する/抗議
1909,prototype,試作品
1910,proud,自慢に思って
1911,proverb,ことわざ
1912,provide,を与える
1913,provider,生産者，供給者
1914,province,州、省
1915,provision,供給
1916,proximity,近さ，近接
1917,prsuasive,説得力のある
1918,prudent,用心深い
1919,psychologist,心理学者
1920,public,公共の/大衆
1921,publication,出版物
1922,publish,を出版する
1923,published,公表した
1924,publisher,出版社
1925,pulp,果肉
1926,pump,ポンプ
1927,punctual,時間を守る
1928,punctuality,時間厳守
1929,pupil,生徒
1930,purchase,を購入する/購入
1931,purchasing,購入している
1932,purpose,目的
1933,purse,財布
1934,pursuant,に従って
1935,pursue,従事する、追求する
1936,pursuit,追跡，追求
1937,qualification,資格
1938,qualify,資格を与える
1939,quality,質
1940,quantity,量
1941,quarter,四半期
1942,quartet,四人組
1943,query,疑問
1944,quest,探求
1945,questionable,疑わしい
1946,questionnaire,質問表
1947,quickly,すばやく
1948,quit,（を）やめる
1949,quite,まったく
1950,quotation,引用
1951,quote,見積り/見積る
1952,racial,人種の
1953,rack,置き棚
1954,rainfall,雨量，降雨
1955,range,範囲/範囲が及ぶ
1956,rapid,急速な
1957,rapidly,素早く
1958,rarely,めったに～ない
1959,rate,率，割合
1960,rather,むしろ
1961,rational,理性的な
1962,raw,生の，原料のままの
1963,ray,光線
1964,reach,着く，届く
1965,readability,読みやすさ
1966,readable,読みやすい
1967,readily,すぐに
1968,realistic,現実的な
1969,realm,領域
1970,rear,後部の
1971,reason,理由，原因
1972,reasonable,合理的な
1973,reasoning,推論
1974,reassurance,安心，再保証
1975,reassure,安心させる
1976,rebate,払い戻し/払戻す
1977,rebel,反逆者
1978,rebuild,再建する，建て直す
1979,recall,呼び戻す
1980,receipt,領収書
1981,receivables,債権
1982,receive,受け取る
1983,received,受け取った
1984,recent,最近の
1985,recently,最近
1986,reception,応接
1987,receptionist,受付係
1988,recession,不況，景気後退
1989,recipient,受取人
1990,reckon,計算する
1991,recognize,認識する
1992,recommend,を薦める
1993,recommendation,推薦
1994,recommended,推薦した
1995,reconfiguration,再構成
1996,recover,回復する
1997,recruit,採用する、雇う
1998,rectify,是正する
1999,redesign,再設計，再設計する
2000,reduce,を減らす
2001,reduced,削減した
2002,reduction,削減
2003,refer,言及する、述べる
2004,reference,参照
2005,referral,照会
2006,reflect,を反映する，熟考する
2007,refrigerator,冷蔵庫
2008,refugee,難民
2009,refund,払い戻す/払い戻し
2010,refurbish,改修する
2011,refuse,を拒否する
2012,regardless,かかわらず，関係なく
2013,regards,とみなす
2014,regime,政権
2015,region,地域，地方
2016,regional,地方の
2017,register,登録する
2018,registration,登録
2019,regret,後悔する
2020,regrettable,残念な
2021,regular,普通の
2022,regularly,規則的に，定期的に
2023,regulations,規制
2024,regulator,規定者
2025,reimburse,弁償する
2026,reimbursed,払い戻された
2027,reimbursement,返済
2028,reinforce,強化する
2029,reject,拒否する
2030,relation,関係
2031,relatively,比較的に
2032,release,を解き放つ
2033,relevance,関連性
2034,relevant,関連のある
2035,reliable,頼りになる
2036,relief,安堵，軽減
2037,relieve,和らげる，から取り除く
2038,religion,宗教
2039,relocate,移転させる
2040,relocation,移転
2041,reluctant,気が進まない
2042,rely,頼る，信頼する
2043,remain,のままである、残る
2044,remark,ことば，感想/だと述べる
2045,remarkable,目立った，顕著な
2046,remarked,述べた，言った
2047,remind,に思い出させる
2048,reminder,催促
2049,reminisce,懐かしむ
2050,removal,除去
2051,remove,を取り除く
2052,remuneration,報酬
2053,renew,更新する、再開する
2054,renovate,改装する
2055,renovation,改装
2056,renowned,有名な
2057,rent,家賃/賃貸借する
2058,repair,を修理する
2059,repaired,修復した
2060,repeatedly,繰り返し
2061,replace,に取って代わる
2062,replaced,置き換えた
2063,replacement,交換
2064,replacing,置き換えている
2065,reply,返事
2066,report,報告
2067,reported,報告された
2068,reportedly,伝えられるところでは
2069,represent,を表す，を代表する
2070,representation,表現
2071,representative,代表者
2072,republic,共和国
2073,reputation,評判
2074,request,を依頼する/依頼
2075,require,を必要とする
2076,required,要求された
2077,requirement,要求される事柄，必要なもの
2078,reschedule,再度計画する
2079,research,研究、調査
2080,resemble,似ている
2081,reservation,予約
2082,reserve,を取っておく、を予約する
2083,reserved,予約した
2084,residence,住宅
2085,resident,住民
2086,residential,居住の
2087,resistant,耐えられる、抵抗力のある
2088,resolution,解決
2089,resolve,解決する
2090,resource,資源
2091,resources,資源
2092,respectively,それぞれ
2093,response,反応、返答
2094,responsibility,責任
2095,responsible,責任がある
2096,rest,休息する
2097,restore,復旧させる，取り戻す
2098,restrict,制限する
2099,restructure,再構築する
2100,result,結果
2101,resume,履歴書
2102,résumé,履歴書
2103,resurfaced,再浮上した
2104,retail,小売り
2105,retailer,小売業者
2106,retain,を保持する
2107,retention,保持
2108,retired,引退した
2109,retirement,退職
2110,retrieve,取り戻す
2111,returned,返った
2112,reunion,同窓会、再会
2113,reveal,明らかにする
2114,revenue,収益
2115,revert,戻る
2116,review,論評、批評/を論評する
2117,reviewing,見直している
2118,revise,改訂する
2119,revised,改訂した
2120,revision,修正
2121,revival,復活した
2122,revolution,革命
2123,revolutionary,革命的な
2124,reward,報償
2125,rid,取り除く
2126,ridge,尾根
2127,rift,切れ目
2128,rigidly,厳しく
2129,rigorous,厳格な
2130,ritual,儀式
2131,river,川
2132,road,道
2133,role,役割
2134,rotate,回転する
2135,rough,ごつごつした，粗い，大雑把な
2136,roughly,大雑把に
2137,routine,いつもの/いつもの手順
2138,routinely,日常的に
2139,row,こぐ
2140,rubbish,ごみ
2141,rude,失礼な
2142,ruin,台無しにする
2143,rule,を統治する/規則，習慣
2144,rural,田舎の
2145,sacrifice,犠牲/を犠牲にする
2146,safety,安全性
2147,salesperson,販売員
2148,same,同じ
2149,sanitary,衛生的な
2150,satellite,衛星
2151,satisfaction,満足
2152,satisfactory,満足のいく
2153,satisfied,満足した
2154,saving,貯蓄，値引き
2155,scaffolding,足場
2156,scale,規模
2157,scarcely,ほとんどない
2158,scatter,まき散らす
2159,scene,場面
2160,scenic,眺めがいい、景色の
2161,scheme,計画
2162,scholar,学者
2163,science,科学
2164,scientific,科学の
2165,scientist,科学者
2166,scold,叱る，注意する
2167,scope,範囲、余地
2168,script,台本
2169,scrutiny,綿密な調査、凝視
2170,sculpture,彫刻
2171,search,を捜す/探索，捜索
2172,seat,座席
2173,secretary,秘書
2174,section,部門
2175,sector,分野
2176,secure,を確保する，を安全にする/ゆるぎない
2177,security,安心、安全、治安
2178,seek,を求める
2179,seem,～のように思われる
2180,seldom,めったにしない
2181,select,選ぶ
2182,selected,選択した
2183,senate,上院
2184,senator,上院議員
2185,sensation,感覚
2186,sensible,分別［判断力］がある
2187,sensitive,敏感な，神経質な
2188,sentence,文
2189,sentiment,感情
2190,sequence,連続、連鎖
2191,servant,使用人，お手伝い
2192,settle,を決着させる，落ち着く
2193,several,いくつかの
2194,severe,厳しい
2195,sew,縫う
2196,shade,陰
2197,shady,陰になった
2198,shallow,浅い，軽薄な
2199,shame,恥，不名誉，残念なこと
2200,shape,形/を形作る
2201,share,分け合う
2202,shareholder,株主
2203,sharpen,研ぐ，尖らせる
2204,sheet,用紙
2205,shift,変化/を変える
2206,shipment,輸送
2207,shipping,郵送、配達
2208,shortage,不足
2209,shorthanded,人手が不足して
2210,shortly,まもなく
2211,showcase,陳列棚
2212,shuttle,往復運転で運ぶ
2213,sidewalk,歩道
2214,sigh,ため息をつく
2215,sign,合図、標識
2216,signature,署名
2217,significance,重要性，意義
2218,significant,重要な
2219,significantly,かなり
2220,silly,馬鹿な
2221,similar,よく似た
2222,similarity,類似（点）
2223,simmer,煮る
2224,simply,単に
2225,simultaneous,同時の，同時に起こる
2226,since,～以来
2227,sincerely,心から
2228,single,一つの，一人の，独身の
2229,sink,沈む
2230,site,場所、用地
2231,situated,位置している
2232,situation,状況，情勢
2233,sizable,相当大きな、かなり多くの
2234,skid,滑り止め
2235,skill,能力
2236,skin,皮膚，皮膜
2237,sleek,なめらかな
2238,slight,かすかな
2239,slightly,わずかに
2240,slip,滑る
2241,soak,浸す
2242,so-called,いわゆる
2243,social,社会の，社交の
2244,society,社会
2245,soil,土
2246,solely,単独で
2247,solicit,求める
2248,solid,固い/固体
2249,solution,解決法
2250,somehow,どうにか
2251,somewhat,いくぶん
2252,somewhere,どこか
2253,soon,すぐに
2254,sophisticated,洗練された、高性能の
2255,sorrow,悲しみ，悲哀
2256,sort,種類
2257,source,源、資源
2258,souvenir,お土産
2259,sparkle,輝く
2260,spec,仕様
2261,species,（動植物の）種
2262,specific,具体的な，特定の
2263,specifically,特に
2264,specification,仕様
2265,spectacle,光景，壮観
2266,spectacular,壮観な
2267,spectrum,波長分布
2268,speculate,予測する
2269,speculation,推測、推量
2270,speculator,投機家
2271,spelling,綴り
2272,spent,消費した
2273,spill,こぼす、こぼれる
2274,spiritual,精神の，精神的な
2275,spite,悪意，いじわる
2276,splendid,素晴らしい
2277,spoil,駄目にする
2278,spoilage,腐敗，損傷物
2279,spokesman,代弁者
2280,spokesperson,代弁者，代表者
2281,spouse,配偶者
2282,spread,広がる，を広げる
2283,spring,泉，春
2284,spruce,気の利いた
2285,square,正方形
2286,stability,安定
2287,stable,安定した
2288,stack,積み重ねる
2289,stadium,競技場
2290,stain,汚れ
2291,staircase,階段
2292,stake,くい、棒
2293,standard,標準、基準
2294,stare,じっと見つめる
2295,starve,飢える，を溶かす
2296,state,状態，国家，州
2297,statement,話，陳述，声明
2298,stationery,文房具
2299,statistics,統計
2300,status,状態，社会的地位
2301,statute,法令
2302,statutory,法廷の
2303,stay,滞在する
2304,steel,鋼鉄
2305,steep,大幅な、急な
2306,stem,幹
2307,step,足元，階段
2308,stick,くっつく，固執する/棒きれ
2309,sticky,べたつく，粘着した
2310,stiff,硬い，硬直した
2311,still,まだ
2312,stimulate,を刺激する
2313,stimulating,刺激的な
2314,sting,刺す
2315,stir,かき回す
2316,stitch,一編み
2317,stock,株、在庫/を在庫に持つ
2318,stockholder,株主
2319,storage,保存、倉庫
2320,store,保存する，蓄える
2321,strain,張る
2322,strange,奇妙な，見知らぬ
2323,stranger,見知らぬ人，（ある場所に）初めて来た人
2324,strategy,戦略
2325,stream,流れ
2326,strengthen,を強化する
2327,strict,厳しい，厳密な
2328,strictly,厳しく，厳密に
2329,striking,印象的な
2330,strikingly,著しく
2331,string,ひも，糸
2332,strive,努力する
2333,structure,構造
2334,struggle,もがき苦しむ
2335,stupid,馬鹿な
2336,sturdy,頑丈な
2337,subject,科目、題目
2338,submission,提出
2339,submit,提出する
2340,submitting,提出している
2341,subscriber,購読者，加入者
2342,subscription,購読，寄付
2343,subsequent,その次の
2344,subside,弱まる，低下する
2345,subsidiary,子会社
2346,substance,物質，実体
2347,substitute,代替する
2348,subtle,微妙な
2349,subtotal,小計
2350,suburb,郊外
2351,suburban,郊外の
2352,subway,地下鉄
2353,success,成功
2354,successful,成功した
2355,such,そのような
2356,sue,訴える
2357,suffer,苦しむ，を患う
2358,sufficient,十分な
2359,suggest,を提案する、を示唆する
2360,suggested,提案した
2361,suggestion,提案
2362,suicide,自殺
2363,suitable,適した
2364,suited,適任である
2365,sum,合計
2366,summarize,まとめる
2367,summit,頂上
2368,superb,見事な
2369,superintendent,監督
2370,superiority,優越点
2371,supervise,監督する
2372,supervision,監督
2373,supervisor,上司
2374,supplement,補足
2375,supplementary,補足の，付録の
2376,supplier,供給者
2377,supply,供給する
2378,support,を支持する/支持、支援
2379,supposed,想定した
2380,supposedly,たぶん
2381,suppress,抑える
2382,supreme,最高の
2383,sure,確信して
2384,surface,表面
2385,surgent,外科医
2386,surgeon,外科医
2387,surgery,手術
2388,surprise,を驚かせる/驚き
2389,surrender,降伏する
2390,surround,取り囲む
2391,survey,調査
2392,susceptible,影響を受けやすいです
2393,suspect,を疑う
2394,suspend,中断する
2395,suspicious,不審な
2396,sustainable,持続可能な
2397,swallow,飲み込む
2398,sweep,掃く，を掃くように動かす
2399,swiftly,素早く
2400,sympathetic,思いやりのある
2401,sympathize,同情する
2402,symptom,症状
2403,synergy,相乗効果
2404,synthetic,統合的な
2405,tableware,食器
2406,tactics,戦術
2407,takeoff,離陸，出発
2408,takeover,引継ぎ，買収
2409,tale,お話
2410,talent,才能
2411,talented,才能のある
2412,tame,飼いならす
2413,task,仕事，作業
2414,taste,味/な味がする
2415,tax,税
2416,technical,技術上の、専門的な
2417,technology,テクノロジー、科学技術
2418,temperature,温度，体温
2419,temple,寺院
2420,temporarily,一時的に
2421,temporary,一時的な
2422,tenant,賃貸人、借家人
2423,tenor,進路、趣旨
2424,tentative,暫定の
2425,tenure,任期
2426,term,期間，学期，用語，条件，間柄
2427,terminate,終わらせる
2428,termination,終了
2429,terms,期間、用語
2430,terrible,ひどい，不快な
2431,territory,地域
2432,text,本文、書かれたもの
2433,textile,織物の
2434,than,よりも
2435,theater,劇場
2436,theme,テーマ，論題
2437,then,それから、そのとき
2438,theology,神学
2439,theoretical,理論上の
2440,thereby,それによって
2441,therefore,それゆえ
2442,thoroughly,徹底的に
2443,though,だけれども
2444,thousands,of 数千の
2445,thrilled,とてもわくわくして，大喜びした
2446,throat,のど
2447,through,～を通して
2448,throughout,至るところに
2449,thus,このように
2450,ticket,切符
2451,tide,潮，風潮
2452,tie,結ぶ，ネクタイ
2453,tighten,締める
2454,tightly,しっかりと
2455,timber,木材
2456,timeline,予定表
2457,tiny,ごく小さい
2458,tip,コツ、先端
2459,tissue,組織、薄絹
2460,tolerable,耐えられる
2461,tolerate,耐える
2462,toll,通行料金
2463,tomb,墓
2464,tone,音，音色，（声・ことばの）調子，
2465,tongue,言葉，舌
2466,tool,道具
2467,topic,トピック、話題
2468,top-of-the-line,一線級の
2469,toward,に向かって
2470,toxic,有毒な
2471,trace,跡［起源］を辿る/跡，痕跡
2472,track,足跡
2473,trade,貿易
2474,trademark,商標
2475,tradition,伝統
2476,traditional,伝統的な
2477,traffic,交通、往来/交通の
2478,tragedy,悲劇
2479,trail,通った跡，でこぼこ道
2480,train,列車
2481,trained,訓練された
2482,trait,特性，特徴
2483,transact,（取引，業務など）を行う
2484,transaction,取引
2485,transfer,を移す
2486,transferrable,移すことのできる
2487,transit,乗り継ぎ
2488,transition,遷移
2489,translate,を翻訳する
2490,translation,翻訳
2491,transmission,伝送
2492,transmit,送信する
2493,transport,を輸送する/輸送
2494,transportation,輸送
2495,treasure,宝，財宝
2496,treasury,宝庫
2497,treat,を扱う
2498,treatment,扱い，処置，治療
2499,tremendous,非常に大きな
2500,trend,傾向，流行
2501,trial,裁判，試み
2502,tribe,部族，部隊
2503,trillion,兆
2504,trip,旅行
2505,troop,群れ
2506,troubleshooting,問題処理
2507,trustee,受託者
2508,trustworthy,信頼できる、信用できる
2509,truthful,誠実な
2510,tuck,押し込む
2511,tunnel,トンネル
2512,turnaround,立て直し、好転、処理時間
2513,turnover,売上高，転職率
2514,tutor,家庭教師
2515,tutorial,家庭教師の
2516,twice,2回
2517,typical,典型的な
2518,typically,典型的に
2519,ultimate,究極の
2520,ultimately,最終的に
2521,umbrella,かさ
2522,unable,できない
2523,unanimous,満場一致の
2524,unanticipated,予期していない
2525,unavailable,使えない
2526,unavoidable,避けられない
2527,unclear,はっきりしない
2528,uncomfortable,心地の悪い
2529,undergo,を経験する
2530,underlie,根底にある
2531,understaffed,人手不足の
2532,understand,理解する
2533,underwrite,保険債務を負う
2534,undesirable,望ましくない
2535,undoubtedly,疑いなく
2536,unemployment,失業
2537,unexpected,予期せぬ
2538,unfavorable,否定的な
2539,unforeseen,想定外の
2540,unfortunately,残念なことに
2541,union,統合
2542,unique,他に類のない、特別な
2543,unit,単位
2544,unite,団結する
2545,united,一致団結した
2546,unity,団結
2547,universal,普遍的な，万国［万人］共通の
2548,unkind,不親切な
2549,unless,でない限り
2550,unlikely,可能性が低い
2551,unload,（荷物など）を降ろす
2552,unpleasant,不愉快な
2553,unplug,抜く
2554,unprecedented,前例のない
2555,unpredictable,予測できない、法外な
2556,unpublished,未発表の
2557,unsubscribe,退会する
2558,until,～まで
2559,unveil,正体を現す
2560,upcoming,予定している
2561,update,更新する
2562,updated,更新された
2563,upset,気持ちが動揺した/の心をかき乱す
2564,upstairs,上階
2565,urban,都会の，都市の
2566,urge,強く促す/願望
2567,urgent,緊急の
2568,usability,使いやすさ
2569,useful,役に立つ
2570,usual,通常の
2571,usually,ふつう
2572,utilize,利用する，活用する
2573,utmost,最大限の、これ以上ない
2574,utopia,理想郷
2575,utterly,全く，全然
2576,vacancy,欠員，空き
2577,vacant,空っぽの
2578,vacate,逃げる
2579,vacated,空いた
2580,vacation,休暇
2581,vaccine,ワクチン
2582,vaguely,曖昧に
2583,vain,うぬぼれが強い
2584,valid,有効な
2585,validate,検証する
2586,valley,谷
2587,valuable,貴重な
2588,valuation,評価
2589,value,価値/を重んじる
2590,vanguard,前衛
2591,vanish,消える
2592,variable,変化しやすい
2593,variance,相違，分散
2594,variation,変化、変動
2595,variety,多様さ
2596,various,さまざまな
2597,vary,変える，変更する
2598,vase,花瓶
2599,vast,非常に大きな
2600,vastness,広大さ
2601,vehicle,自動車
2602,vendor,売り手
2603,vent,排出口
2604,venture,冒険的事業
2605,venue,現場
2606,Venus,金星
2607,verbal,ことばの，口頭での
2608,verification,立証
2609,verify,確かめる
2610,versatile,多才な，多目的に使える
2611,verse,詩，韻文
2612,vertical,垂直な
2613,via,～経由で
2614,vice,副
2615,victim,犠牲者
2616,victory,勝利
2617,view,眺め、見方/を見る
2618,violation,違反
2619,virtual,仮想の
2620,virtue,徳，美徳，長所
2621,virus,ウイルス
2622,visit,訪問する
2623,vocabulary,語い
2624,voice,声
2625,void,無効な
2626,voluntarily,自発的に、自主的に
2627,voluntary,自主的な、任意の
2628,volunteer,ボランティア，志願兵
2629,vote,投票する/投票
2630,voter,投票者
2631,voucher,引換券
2632,voyage,航海
2633,vulnerable,傷つきやすい
2634,wage,賃金
2635,waive,免除する、放棄する
2636,waiver,免除，棄権
2637,walkway,歩道
2638,wan,血の気のない
2639,wander,ぶらつく，放浪する
2640,warehouse,倉庫
2641,warm,温暖な
2642,warranty,保証
2643,wasteful,無駄の多い
2644,waterproof,防水の
2645,weapon,武器
2646,wearability,装着性
2647,wearable,身に付けることの出来る
2648,weekly,週刊
2649,weigh,の重さがある
2650,wellness,健康
2651,wheat,小麦
2652,whenever,する時はいつでも
2653,whereas,である一方で
2654,whether,どちらか
2655,while,～する間
2656,whisper,ささやく
2657,wholesale,卸し
2658,Whom,誰を（～する人）
2659,wicked,邪悪な，不正の
2660,widespread,広範囲に渡る
2661,willing,快くする
2662,willingness,意欲
2663,wilt,しおれる
2664,withdraw,撤回する，引き出す
2665,withstand,耐える
2666,witness,目撃者，証人/…を目撃する
2667,wonder,不思議に思う
2668,wood,木材
2669,workday,平日
2670,workforce,労働力
2671,workplace,職場
2672,workshop,作業場
2673,worsen,悪化させる
2674,worth,の価値がある
2675,wound,傷
2676,wrap,包む
2677,wrong,間違った
2678,yawn,あくびをする
2679,yell,大声を上げる
2680,yield,産出する
